alpine-baselayout	3.7.2-r1	x86_64	alpine-baselayout	3.7.2-r1
alpine-baselayout-data	3.7.2-r1	x86_64	alpine-baselayout	3.7.2-r1
alpine-keys	2.6-r0	x86_64	alpine-keys	2.6-r0
alpine-release	3.24.1-r0	x86_64	alpine-base	3.24.1-r0
apk-tools	3.0.6-r0	x86_64	apk-tools	3.0.6-r0
brotli-libs	1.2.0-r1	x86_64	brotli	1.2.0-r1
busybox	1.37.0-r31	x86_64	busybox	1.37.0-r31
busybox-binsh	1.37.0-r31	x86_64	busybox	1.37.0-r31
c-ares	1.34.8-r0	x86_64	c-ares	1.34.8-r0
ca-certificates-bundle	20260611-r0	x86_64	ca-certificates	20260611-r0
gmp	6.3.0-r4	x86_64	gmp	6.3.0-r4
libapk	3.0.6-r0	x86_64	apk-tools	3.0.6-r0
libcrypto3	3.5.9-r0	x86_64	openssl	3.5.9-r0
libcurl	8.22.0-r0	x86_64	curl	8.22.0-r0
libgcc	15.2.0-r5	x86_64	gcc	15.2.0-r5
libidn2	2.3.8-r0	x86_64	libidn2	2.3.8-r0
libpsl	0.21.5-r3	x86_64	libpsl	0.21.5-r3
libssl3	3.5.9-r0	x86_64	openssl	3.5.9-r0
libstdc++	15.2.0-r5	x86_64	gcc	15.2.0-r5
libunistring	1.4.2-r0	x86_64	libunistring	1.4.2-r0
musl	1.2.6-r2	x86_64	musl	1.2.6-r2
musl-utils	1.2.6-r2	x86_64	musl	1.2.6-r2
nghttp2-libs	1.70.0-r0	x86_64	nghttp2	1.70.0-r0
scanelf	1.3.9-r1	x86_64	pax-utils	1.3.9-r1
ssl_client	1.37.0-r31	x86_64	busybox	1.37.0-r31
zlib	1.3.2-r0	x86_64	zlib	1.3.2-r0
zstd-libs	1.5.7-r2	x86_64	zstd	1.5.7-r2
